{"cameraMode":{"drawMode":0,"name":"Shaded","section":"Shading Mode"},"sceneLighting":true,"audioPlay":false,"sceneViewState":{"showFog":true,"showMaterialUpdate":false,"showSkybox":true,"showFlares":true,"showImageEffects":true,"showParticleSystems":true},"in2DMode":false,"pivot":{"x":-381.9624938964844,"y":-36.582149505615237,"z":307.35125732421877},"rotation":{"x":0.07869495451450348,"y":-0.5262339115142822,"z":0.048786524683237079,"w":0.8453529477119446},"size":168.01300048828126,"orthographic":false}